Vehicle_name,Sports,Sport_utility,Wagon,Minivan,Pickup,All_wheel_drive,Rear_wheel_drive,Retail_price,Dealer_cost,Engine_size,Cylinders,Kilowatts,Economy_city,Economy_highway,Weight,Wheel_base,Length,Width
Chevrolet Aveo 4dr,0,0,0,0,0,0,0,23380,21930,1.6,4,77,45,55,1075,249,424,168
Chevrolet Aveo LS 4dr hatch,0,0,0,0,0,0,0,25170,23604,1.6,4,77,45,55,1065,249,389,168
Chevrolet Cavalier 2dr,0,0,0,0,0,0,0,29220,27394,2.2,4,104,42,60,1187,264,465,175
Chevrolet Cavalier 4dr,0,0,0,0,0,0,0,29620,27768,2.2,4,104,42,60,1214,264,465,173
Chevrolet Cavalier LS 2dr,0,0,0,0,0,0,0,32770,30714,2.2,4,104,42,60,1187,264,465,175
Dodge Neon SE 4dr,0,0,0,0,0,0,0,27340,25698,2,4,98,47,58,1171,267,442,170
Dodge Neon SXT 4dr,0,0,0,0,0,0,0,30080,28172,2,4,98,47,58,1191,267,442,170
Ford Focus ZX3 2dr hatch,0,0,0,0,0,0,0,26540,24964,2,4,97,42,53,1185,262,427,170
Ford Focus LX 4dr,0,0,0,0,0,0,0,27460,25812,2,4,82,43,58,1182,262,427,170
Ford Focus SE 4dr,0,0,0,0,0,0,0,30920,28992,2,4,97,42,53,1182,262,427,170
Ford Focus ZX5 5dr,0,0,0,0,0,0,0,31160,29214,2,4,97,42,53,1221,262,427,170
Honda Civic DX 2dr,0,0,0,0,0,0,0,26540,24350,1.7,4,86,51,61,1103,262,445,170
Honda Civic HX 2dr,0,0,0,0,0,0,0,28340,25992,1.7,4,87,58,71,1134,262,445,170
Honda Civic LX 4dr,0,0,0,0,0,0,0,31700,29062,1.7,4,86,51,61,1140,262,445,173
Hyundai Accent 2dr hatch,0,0,0,0,0,0,0,21078,20214,1.6,4,77,47,53,1023,244,424,168
Hyundai Accent GL 4dr,0,0,0,0,0,0,0,23678,22232,1.6,4,77,47,53,1039,244,424,168
Hyundai Accent GT 2dr hatch,0,0,0,0,0,0,0,23878,22418,1.6,4,77,47,53,1061,244,424,168
Hyundai Elantra GLS 4dr,0,0,0,0,0,0,0,27678,25562,2,4,103,42,55,1195,262,452,173
Hyundai Elantra GT 4dr,0,0,0,0,0,0,0,30778,28414,2,4,103,42,55,1195,262,452,173
Hyundai Elantra GT 4dr hatch,0,0,0,0,0,0,0,30778,28414,2,4,103,42,55,1224,262,452,173
Kia Optima LX 4dr,0,0,0,0,0,0,0,32080,29820,2.4,4,103,37,48,1488,269,472,183
Kia Rio 4dr manual,0,0,0,0,0,0,0,20560,19750,1.6,4,78,42,53,1090,241,424,168
Kia Rio 4dr auto,0,0,0,0,0,0,0,22310,21410,1.6,4,78,40,52,1115,241,424,168
Kia Spectra 4dr,0,0,0,0,0,0,0,24720,23260,1.8,4,92,39,52,1207,257,452,173
Kia Spectra GS 4dr hatch,0,0,0,0,0,0,0,27160,25660,1.8,4,92,39,52,1218,257,452,173
Kia Spectra GSX 4dr hatch,0,0,0,0,0,0,0,29260,27580,1.8,4,92,39,52,1223,257,452,173
Mazda3 i 4dr,0,0,0,0,0,0,0,31000,29050,2,4,110,,,1223,,,
Mini Cooper,0,0,0,0,0,0,0,33998,30874,1.6,4,86,45,60,1145,246,363,170
Mitsubishi Lancer ES 4dr,0,0,0,0,0,0,0,29244,27502,2,4,89,,,1205,259,460,170
Mitsubishi Lancer LS 4dr,0,0,0,0,0,0,0,33444,31436,2,4,89,,,1268,259,460,170
Nissan Sentra 1.8 4dr,0,0,0,0,0,0,0,25480,24410,1.8,4,94,45,56,1140,254,452,170
Nissan Sentra 1.8 S 4dr,0,0,0,0,0,0,0,29480,27494,1.8,4,94,45,56,1171,254,452,170
Pontiac Sunfire 1SA 2dr,0,0,0,0,0,0,0,30990,28750,2.2,4,104,39,53,1257,264,462,173
Saturn Ion1 4dr,0,0,0,0,0,0,0,21990,20638,2.2,4,104,42,56,1221,262,470,170
Saturn lon2 4dr,0,0,0,0,0,0,0,28600,26786,2.2,4,104,42,56,1221,262,470,170
Saturn lon3 4dr,0,0,0,0,0,0,0,31650,29622,2.2,4,104,42,56,1221,262,470,170
Saturn lon2 quad coupe 2dr,0,0,0,0,0,0,0,29700,27808,2.2,4,104,42,56,1248,262,470,173
Saturn lon3 quad coupe 2dr,0,0,0,0,0,0,0,32700,30598,2.2,4,104,42,56,1248,262,470,173
Scion xA 4dr hatch,0,0,0,0,0,0,0,25930,24680,1.5,4,81,51,61,1061,236,391,170
Suzuki Aeno S 4dr,0,0,0,0,0,0,0,25768,25438,2.3,4,116,40,50,1214,249,434,173
Suzuki Aerio LX 4dr,0,0,0,0,0,0,0,29000,28634,2.3,4,116,40,50,1214,249,434,173
Suzuki Forenza S 4dr,0,0,0,0,0,0,0,24538,24232,2,4,89,39,50,1225,259,450,173
Suzuki Forenza EX 4dr,0,0,0,0,0,0,0,31136,30756,2,4,89,35,48,1250,259,450,173
Toyota Corolla CE 4dr,0,0,0,0,0,0,0,28170,26130,1.8,4,97,51,65,1135,259,452,170
Toyota Corolla S 4dr,0,0,0,0,0,0,0,30060,27300,1.8,4,97,51,65,1145,259,452,170
Toyota Corolla LE 4dr,0,0,0,0,0,0,0,30590,27778,1.8,4,97,51,65,1145,259,452,170
Toyota Echo 2dr manual,0,0,0,0,0,0,0,21520,20288,1.5,4,81,56,69,923,236,414,165
Toyota Echo 2dr auto,0,0,0,0,0,0,0,23120,21792,1.5,4,81,53,63,946,236,414,165
Toyota Echo 4dr,0,0,0,0,0,0,0,22580,21284,1.5,4,81,56,69,932,236,414,165
Buick Century Custom 4dr,0,0,0,0,0,0,0,44360,40702,3.1,6,130,32,48,1521,277,495,185
Chevrolet Impala 4dr,0,0,0,0,0,0,0,43800,40190,3.4,6,134,34,52,1572,282,508,185
Chevrolet Malibu 4dr,0,0,0,0,0,0,0,37990,34868,2.2,4,108,39,55,1440,269,478,178
Chevrolet Malibu LS 4dr,0,0,0,0,0,0,0,40740,37278,3.5,6,149,35,48,1495,269,478,178
Chevrolet Monte Carlo LS 2dr,0,0,0,0,0,0,0,43650,40052,3.4,6,134,34,52,1515,282,503,185
Chrysler PT Cruiser 4dr,0,0,0,0,0,0,0,35970,33838,2.4,4,112,35,47,1407,262,429,170
Chrysler PT Cruiser Limited 4dr,0,0,0,0,0,0,0,44000,41146,2.4,4,112,35,47,1408,262,429,170
Chrysler Sebring 4dr,0,0,0,0,0,0,0,38180,35610,2.4,4,112,35,48,1439,274,485,180
Chrysler Sebring Touring 4dr,0,0,0,0,0,0,0,43680,40568,2.7,6,149,34,45,1461,274,485,180
Dodge Intrepid SE 4dr,0,0,0,0,0,0,0,44070,41004,2.7,6,149,34,47,1574,287,518,191
Dodge Stratus SXT 4dr,0,0,0,0,0,0,0,37640,35024,2.4,4,112,34,45,1443,274,485,180
Dodge Stratus SE 4dr,0,0,0,0,0,0,0,40440,37642,2.4,4,112,34,45,1440,274,485,180
Ford Focus SVT 2dr,0,0,0,0,0,0,0,38270,35756,2,4,127,34,45,1247,262,427,170
Ford Taurus LX 4dr,0,0,0,0,0,0,0,40640,37762,3,6,116,32,43,1500,277,503,185
Ford Taurus SES Duratec 4dr,0,0,0,0,0,0,0,45470,41714,3,6,150,31,42,1503,277,503,185
Honda Accord LX 2dr,0,0,0,0,0,0,0,39720,35848,2.4,4,119,42,55,1358,267,478,180
Honda Accord EX 2dr,0,0,0,0,0,0,0,44520,40160,2.4,4,119,42,55,1382,267,478,180
Honda Civic EX 4dr,0,0,0,0,0,0,0,35500,32530,1.7,4,95,51,60,1180,262,445,173
Honda Civic Si 2dr hatch,0,0,0,0,0,0,0,38980,35698,2,4,119,42,48,1262,257,422,170
Honda Civic Hybrid 4dr manual (gas/electric),0,0,0,0,0,0,0,40280,36902,1.4,4,69,74,82,1239,262,445,173
Honda Insight 2dr (gas/electric),0,0,0,0,0,0,0,38220,35822,2,3,54,97,106,839,241,394,170
Hyundai Sonata GLS 4dr,0,0,0,0,0,0,0,38678,35148,2.7,6,127,31,43,1459,269,475,183
Hyundai Sonata LX 4dr,0,0,0,0,0,0,0,40678,36760,2.7,6,127,31,43,1459,269,475,183
Kia Optima LX V6 4dr,0,0,0,0,0,0,0,36870,33700,2.7,6,127,32,43,1487,269,472,183
Mazda3 s 4dr,0,0,0,0,0,0,0,34400,31844,2.3,4,119,,,1253,,,
Mazda6 i 4dr,0,0,0,0,0,0,0,38540,35634,2.3,4,119,39,52,1380,267,475,178
Mercury Sable GS 4dr,0,0,0,0,0,0,0,43190,39696,3,6,116,32,43,1500,277,508,185
Mini Cooper S,0,0,0,0,0,0,0,39998,36274,1.6,4,122,40,55,1215,246,366,170
Mitsubishi Galant ES 2.4L 4dr,0,0,0,0,0,0,0,38624,35914,2.4,4,119,,,1520,274,485,183
Mitsubishi Lancer OZ Rally 4dr auto,0,0,0,0,0,0,0,34464,32392,2,4,89,,,1245,259,460,170
Nissan Altima S 4dr,0,0,0,0,0,0,0,38480,36060,2.5,4,130,34,42,1378,279,488,178
Nissan Sentra SE-R 4dr,0,0,0,0,0,0,0,35280,32888,2.5,4,123,37,45,1252,254,452,170
Oldsmobile Alero GX 2dr,0,0,0,0,0,0,0,37650,35284,2.2,4,104,39,52,1336,272,475,178
Pontiac Grand Am GT 2dr,0,0,0,0,0,0,0,44900,41190,3.4,6,130,32,47,1414,272,472,178
Pontiac Grand Prix GT1 4dr,0,0,0,0,0,0,0,44790,41090,3.8,6,149,32,48,1577,282,503,188
Pontiac Sunfire 1SC 2dr,0,0,0,0,0,0,0,35470,32738,2.2,4,104,39,53,1257,264,462,173
Saturn L300-2 4dr,0,0,0,0,0,0,0,42820,39602,3,6,136,32,45,1450,272,483,175
Subaru Impreza 2.5 RS 4dr,0,0,0,0,0,1,0,39890,36798,2.5,4,123,35,45,1345,251,442,175
Subaru Legacy L 4dr,0,0,0,0,0,1,0,40890,37426,2.5,4,123,34,45,1490,264,467,175
Suzuki Verona LX 4dr,0,0,0,0,0,0,0,34524,34106,2.5,6,116,32,43,1533,269,478,183
Toyota Camry LE 4dr,0,0,0,0,0,0,0,39120,35116,2.4,4,117,39,53,1400,272,480,180
Toyota Camry LE V6 4dr,0,0,0,0,0,0,0,45550,40650,3,6,157,34,47,1495,272,480,180
Toyota Camry Solara SE 2dr,0,0,0,0,0,0,0,39270,35444,2.4,4,117,39,53,1440,272,490,183
Toyota Camry Solara SE V6 2dr,0,0,0,0,0,0,0,43930,39638,3.3,6,168,32,47,1550,272,490,183
Toyota Prius 4dr (gas/electric),0,0,0,0,0,0,0,41020,37852,1.5,4,82,95,82,1311,269,445,173
Volkswagen Golf GLS 4dr,0,0,0,0,0,0,0,37430,34956,2,4,86,39,50,1314,251,419,173
Volkswagen GTI 1.8T 2dr hatch,0,0,0,0,0,0,0,39650,36218,1.8,4,134,39,50,1331,251,427,173
Volkswagen Jetta GLS TDI 4dr,0,0,0,0,0,0,0,42110,39276,1.9,4,75,61,74,1362,251,437,173
Volkswagen New Beetle GLS 1.8T 2dr,0,0,0,0,0,0,0,42110,39276,1.8,4,112,39,50,1279,251,409,173
Acura RSX Type S 2dr,0,0,0,0,0,0,0,47640,43522,2,4,149,39,50,1260,257,437,173
Acura TSX 4dr,0,0,0,0,0,0,0,53980,49294,2.4,4,149,35,47,1465,267,465,175
Audi A4 1.8T 4dr,0,0,0,0,0,0,0,51880,47016,1.8,4,127,35,50,1475,264,455,178
BMW 325i 4dr,0,0,0,0,0,0,1,56990,52310,2.5,6,137,32,47,1460,272,447,175
Buick LeSabre Custom 4dr,0,0,0,0,0,0,0,52940,48564,3.8,6,153,32,47,1618,284,508,188
Buick Regal LS 4dr,0,0,0,0,0,0,0,49790,45670,3.8,6,149,32,48,1570,277,498,185
Buick Regal GS 4dr,0,0,0,0,0,0,0,56690,52094,3.8,6,179,29,45,1604,277,498,185
Chevrolet Impala LS 4dr,0,0,0,0,0,0,0,50000,45862,3.8,6,149,32,48,1577,282,508,185
Chevrolet Impala SS 4dr,0,0,0,0,0,0,0,55990,51344,3.8,6,179,29,45,1636,282,508,185
Chevrolet Malibu LT 4dr,0,0,0,0,0,0,0,46990,43102,3.5,6,149,37,52,1504,269,478,178
Chevrolet Monte Carlo SS 2dr,0,0,0,0,0,0,0,48450,44444,3.8,6,149,29,45,1558,282,503,185
Chrysler 300M 4dr,0,0,0,0,0,0,0,59730,55594,3.5,6,186,29,43,1624,287,503,188
Chrysler Concorde LX 4dr,0,0,0,0,0,0,0,48260,44904,2.7,6,149,34,47,1578,287,528,188
Chrysler Concorde LXi 4dr,0,0,0,0,0,0,0,53720,49818,3.5,6,173,31,43,1609,287,528,188
Chrvsler PT Cruiser GT 4dr,0,0,0,0,0,0,0,51910,48344,2.4,4,164,34,43,1459,262,429,170
Chrysler Sebring convertible 2dr,0,0,0,0,0,0,0,50430,46902,2.4,4,112,35,48,1523,269,493,163
Dodge Intrepid ES 4dr,0,0,0,0,0,0,0,49770,46116,3.5,6,173,29,43,1582,287,518,191
Ford Crown Victoria 4dr,0,0,0,0,0,0,1,48690,45712,4.6,8,167,27,40,1840,292,538,198
Ford Crown Victoria LX 4dr,0,0,0,0,0,0,1,54740,50210,4.6,8,167,27,40,1840,292,538,198
Honda Accord LX V6 4dr,0,0,0,0,0,0,0,47520,42856,3,6,179,34,48,1519,274,483,183
Honda Accord EX V6 2dr,0,0,0,0,0,0,0,53920,48608,3,6,179,34,48,1494,267,478,180
Hyundai XG350 4dr,0,0,0,0,0,0,0,49178,44110,3.5,6,145,27,42,1656,274,488,183
Hyundai XG350 L 4dr,0,0,0,0,0,0,0,52378,46972,3.5,6,145,27,42,1656,274,488,183
Infiniti G35 4dr,0,0,0,0,0,0,1,56990,52314,3.5,6,194,29,42,1513,284,475,175
Infiniti G35 Sport Coupe 2dr,0,0,0,0,0,0,1,59590,55072,3.5,6,209,29,42,1549,284,462,183
Jaguar X-Type 2.5 4dr,0,0,0,0,0,1,0,59990,54710,2.5,6,143,29,42,1555,272,467,178
Kia Amanti 4dr,0,0,0,0,0,0,0,52000,47528,3.5,6,145,27,40,,279,498,185
Mercedes-Benz C230 Sport 2dr,0,0,0,0,0,0,1,52120,48498,1.8,4,141,35,48,1474,272,452,173
Mercedes-Benz C320 Sport 2dr,0,0,0,0,0,0,1,56740,52870,3.2,6,160,31,42,1556,272,452,173
Mercury Grand Marquis GS 4dr,0,0,0,0,0,0,1,49390,46434,4.6,8,167,27,40,1838,292,538,198
Mercury Grand Marquis LS Premium 4dr,0,0,0,0,0,0,1,59190,54296,4.6,8,167,27,40,1838,292,538,198
Mercury Sable LS Premium 4dr,0,0,0,0,0,0,0,47790,43836,3,6,150,31,42,1504,277,508,185
Mitsubishi Diamante LS 4dr,0,0,0,0,0,0,0,58564,54500,3.5,6,153,29,40,1610,272,493,178
Mitsubishi Galant GTS 4dr,0,0,0,0,0,0,0,51400,47766,3.8,6,172,29,42,1655,274,485,183
Nissan Altima SE 4dr,0,0,0,0,0,0,0,46580,43160,3.5,6,183,34,42,1450,279,488,178
Nissan Maxima SE 4dr,0,0,0,0,0,0,0,54980,50364,3.5,6,198,32,45,1575,282,493,183
Nissan Maxima SL 4dr,0,0,0,0,0,0,0,58880,53932,3.5,6,198,32,45,1577,282,493,183
Oldsmobile Alero GLS 2dr,0,0,0,0,0,0,0,47350,42970,3.4,6,127,32,47,1399,272,475,178
Pontiac Grand Prix GT2 4dr,0,0,0,0,0,0,0,48590,44568,3.8,6,149,32,48,1580,282,503,188
Subaru Legacy GT 4dr,0,0,0,0,0,1,0,51290,46672,2.5,4,123,34,45,1540,264,467,175
Subaru Outback Limited Sedan 4dr,0,0,0,0,0,1,0,54290,49374,2.5,4,123,32,43,1585,264,467,175
Subaru Outback H6 4dr,0,0,0,0,0,1,0,58690,53320,3,6,158,31,42,1637,264,467,175
Toyota Avalon XL 4dr,0,0,0,0,0,0,0,53120,47386,3,6,157,34,47,1550,272,488,183
Toyota Camry XLE V6 4dr,0,0,0,0,0,0,0,51840,46250,3,6,157,34,47,1525,272,480,180
Toyota Camry Solara SLE V6 2dr,0,0,0,0,0,0,0,53020,47816,3.3,6,168,32,47,1560,272,490,183
Volkswagen Jetta GLI VR6 4dr,0,0,0,0,0,0,0,47570,43372,2.8,6,149,34,48,1442,251,437,173
Volkswagen New Beetle GLS convertible 2dr,0,0,0,0,0,0,0,46430,43378,2,4,86,39,48,1398,251,409,173
Volkswagen Passat GLS 4dr,0,0,0,0,0,0,0,47910,43796,1.8,4,127,35,50,1470,269,470,175
Volvo S40 4dr,0,0,0,0,0,0,0,50270,47402,1.9,4,127,35,47,1255,257,452,173
Acura TL 4dr,0,0,0,0,0,0,0,66390,60598,3.2,6,201,32,45,1622,274,472,183
Audi A41.8T convertible 2dr,0,0,0,0,0,0,0,71880,65012,1.8,4,127,37,48,1650,267,457,178
Audi A4 3.0 4dr,0,0,0,0,0,0,0,63680,57692,3,6,164,32,45,1570,264,455,178
Audi A4 3.0 Quattro 4dr manual,0,0,0,0,0,1,0,66860,60732,3,6,164,27,42,1625,264,455,178
Audi A4 3.0 Quattro 4dr auto,0,0,0,0,0,1,0,68960,62776,3,6,164,29,40,1645,264,455,178
Audi A6 3.0 4dr,0,0,0,0,0,0,0,73280,66258,3,6,164,32,43,1615,277,488,180
Audi A6 3.0 Quattro 4dr,0,0,0,0,0,1,0,79280,71984,3,6,164,29,40,1760,277,488,180
BMW 325Ci 2dr,0,0,0,0,0,0,1,61590,56490,2.5,6,137,32,47,1450,272,450,175
BMW 325Ci convertible 2dr,0,0,0,0,0,0,1,75990,69600,2.5,6,137,31,43,1615,272,450,175
BMW 325xi 4dr,0,0,0,0,0,1,0,60490,55490,2.5,6,137,31,43,1570,272,447,175
BMW 330i 4dr,0,0,0,0,0,0,1,70990,65050,3,6,168,32,48,1490,272,447,175
BMW 330Ci 2dr,0,0,0,0,0,0,1,73990,67780,3,6,168,32,48,1490,272,447,175
BMW 330xi 4dr,0,0,0,0,0,1,0,74490,68230,3,6,168,32,47,1580,272,447,175
BMW 525i 4dr,0,0,0,0,0,0,1,79990,73240,2.5,6,137,31,45,1555,290,485,185
Buick LeSabre Limited 4dr,0,0,0,0,0,0,0,64490,59132,3.8,6,153,32,47,1629,284,508,188
Buick Park Avenue 4dr,0,0,0,0,0,0,0,71090,64488,3.8,6,153,32,47,1714,290,526,191
Cadillac CTS VVT 4dr,0,0,0,0,0,0,1,61670,57150,3.6,6,190,29,40,1676,287,483,180
Chrysler 300M Special Edition 4dr,0,0,0,0,0,0,0,66590,61768,3.5,6,190,29,43,1656,287,503,188
Chrysler Sebring Limited convertible 2dr,0,0,0,0,0,0,0,61900,57226,2.7,6,149,34,45,1564,269,493,175
Ford Crown Victoria LX Sport 4dr,0,0,0,0,0,0,1,60630,55512,4.6,8,178,27,40,1840,292,538,198
Infiniti G35 4dr,0,0,0,0,0,1,0,64890,59566,3.5,6,194,29,42,1668,284,475,175
Infiniti I35 4dr,0,0,0,0,0,0,0,62290,56640,3.5,6,190,31,42,1500,274,493,178
Jaguar X-Type 3.0 4dr,0,0,0,0,0,1,0,67990,61990,3,6,169,29,40,1595,272,467,178
Lexus ES 330 4dr,0,0,0,0,0,0,0,64700,57510,3.3,6,168,32,47,1569,272,485,180
Lexus IS 300 4dr manual,0,0,0,0,0,0,1,62090,54808,3,6,160,29,40,1476,267,450,173
Lexus IS 300 4dr auto,0,0,0,0,0,0,1,64830,57222,3,6,160,29,38,1490,267,450,173
Lincoln LS V6 Luxury 4dr,0,0,0,0,0,0,1,64990,59938,3,6,173,32,42,1670,292,493,185
Lincoln LS V6 Premium 4dr,0,0,0,0,0,0,1,73790,67858,3,6,173,32,42,1670,292,493,185
Mercedes-Benz C240 4dr,0,0,0,0,0,0,1,64560,60142,2.6,6,125,32,40,1524,272,452,173
Mercedes-Benz C240 4dr,0,0,0,0,0,1,0,66960,62374,2.6,6,125,31,40,1524,272,452,173
Mercedes-Benz C320 Sport 4dr,0,0,0,0,0,0,1,71840,66912,3.2,6,160,31,42,1556,272,452,173
Mercedes-Benz C320 4dr,0,0,0,0,0,0,1,75260,70092,3.2,6,160,32,42,1565,272,452,173
Mercedes-Benz C320 4dr,0,0,0,0,0,1,0,77660,72324,3.2,6,160,31,43,,272,452,173
Mercury Grand Marquis LS Ultimate 4dr,0,0,0,0,0,0,1,61790,56636,4.6,8,167,27,40,1838,292,538,198
Mercury Marauder 4dr,0,0,0,0,0,0,1,68990,63116,4.6,8,225,27,37,1903,292,538,198
Pontiac Bonneville GXP 4dr,0,0,0,0,0,0,0,71990,65994,4.6,8,205,,,1719,284,516,188
Saab 9-3 Arc Sport 4dr,0,0,0,0,0,0,0,61720,58538,2,4,157,32,45,1440,267,465,175
Saab 9-3 Aero 4dr,0,0,0,0,0,0,0,66720,63124,2,4,157,32,45,1440,267,465,175
Saab 9-5 Arc 4dr,0,0,0,0,0,0,0,70210,66022,2.3,4,164,34,47,1574,269,483,180
Saab 9-5 Aero 4dr,0,0,0,0,0,0,0,78930,75442,2.3,4,186,34,47,1574,269,483,180
Subaru Outback H-6 VDC 4dr,0,0,0,0,0,1,0,63090,57206,3,6,158,31,42,1647,264,467,175
Toyota Avalon XLS 4dr,0,0,0,0,0,0,0,61840,54542,3,6,157,34,47,1560,272,488,183
Volkswagen Passat GLX V6 4MOTION 4dr,0,0,0,0,0,0,0,66360,61166,2.8,6,142,31,42,1688,269,470,175
Volkswagen Passat W8 4MOTION 4dr,0,0,0,0,0,0,0,78470,72104,4,8,201,29,40,1793,269,470,175
Volvo S60 2.5 4dr,0,0,0,0,0,1,0,63490,59832,2.5,5,155,32,43,1770,272,457,180
Volvo S60 T5 4dr,0,0,0,0,0,0,0,69690,65804,2.3,5,184,32,45,1708,272,457,180
Volvo S60 R 4dr,0,0,0,0,0,1,0,75120,70764,2.5,5,224,29,40,1620,272,460,180
Volvo S80 2.9 4dr,0,0,0,0,0,0,0,75460,71084,2.9,6,155,32,45,1622,279,483,183
Volvo S80 2.5T 4dr,0,0,0,0,0,1,0,75770,71376,2.5,5,145,32,43,1674,279,483,183
Acura 3.5 RL 4dr,0,0,0,0,0,0,0,87510,78028,3.5,6,168,29,38,1760,292,500,183
Acura 3.5 RL w/Navigation 4dr,0,0,0,0,0,0,0,92200,82200,3.5,6,168,29,38,1766,292,500,183
Audi A4 3.0 convertible 2dr,0,0,0,0,0,0,0,84980,76650,3,6,164,32,43,1730,267,457,178
Audi A4 3.0 Quattro convertible 2dr,0,0,0,0,0,1,0,88480,80150,3,6,164,29,40,1820,267,457,178
Audi A6 2.7 Turbo Quattro 4dr,0,0,0,0,0,1,0,85680,77680,2.7,6,186,29,40,1740,277,488,180
Audi A6 4.2 Quattro 4dr,0,0,0,0,0,1,0,99380,89872,4.2,8,224,27,38,1825,277,490,180
Audi A8 L Quattro 4dr,0,0,0,0,0,1,0,138380,129480,4.2,8,246,27,38,1995,307,518,191
Audi S4 Quattro 4dr,0,0,0,0,0,1,0,96080,87112,4.2,8,254,23,32,1735,264,455,178
BMW 330Ci convertible 2dr,0,0,0,0,0,0,1,88590,81060,3,6,168,31,45,1640,272,450,175
BMW 530i 4dr,0,0,0,0,0,0,1,89990,82340,3,6,168,32,48,1575,290,485,185
BMW 545iA 4dr,0,0,0,0,0,0,1,109990,100540,4.4,8,242,29,42,1730,290,485,185
BMW 745i 4dr,0,0,0,0,0,0,1,138390,126380,4.4,8,242,29,42,1985,300,503,191
BMW 745Li 4dr,0,0,0,0,0,0,1,146390,133660,4.4,8,242,29,42,2025,312,518,191
Buick Park Avenue Ultra 4dr,0,0,0,0,0,0,0,81440,73854,3.8,6,179,29,45,1773,290,526,191
Cadillac Deville 4dr,0,0,0,0,0,0,0,90890,83300,4.6,8,205,29,42,1807,292,526,188
Cadillac Deville DTS 4dr,0,0,0,0,0,0,0,101190,92724,4.6,8,224,29,42,1834,292,526,188
Cadillac Seville SLS 4dr,0,0,0,0,0,0,0,95910,87682,4.6,8,205,29,42,1811,284,511,191
Infiniti M45 4dr,0,0,0,0,0,0,1,85690,77584,4.5,8,254,27,37,1747,279,500,178
Infiniti Q45 Luxury 4dr,0,0,0,0,0,0,1,105090,95150,4.5,8,254,27,37,1804,287,508,185
Jaguar S-Type 3.0 4dr,0,0,0,0,0,0,1,87790,80008,3,6,175,29,42,1713,292,488,183
Jaguar S-Type 4.2 4dr,0,0,0,0,0,0,1,99990,91112,4.2,8,219,29,45,1757,292,488,183
Jaguar S-Type R 4dr,0,0,0,0,0,0,1,126240,114998,4.2,8,291,27,38,1835,292,488,183
Jaguar Vanden Plas 4dr,0,0,0,0,0,0,1,137990,125692,4.2,8,219,29,45,1725,302,508,185
Jaguar XJ8 4dr,0,0,0,0,0,0,1,119990,109312,4.2,8,219,29,45,1725,302,508,185
Jaguar XJR 4dr,0,0,0,0,0,0,1,149990,136612,4.2,8,291,27,38,1791,302,508,185
Lexus GS 300 4dr,0,0,0,0,0,0,1,82020,72392,3,6,164,29,40,1655,279,480,180
Lexus GS 430 4dr,0,0,0,0,0,0,1,96900,84464,4.3,8,224,29,37,1685,279,480,180
Lexus LS 430 4dr,0,0,0,0,0,0,1,111500,97166,4.3,8,216,29,40,1810,292,500,183
Lincoln LS V8 Sport 4dr,0,0,0,0,0,0,1,80190,73618,3.9,8,209,27,38,1709,292,493,185
Lincoln LS V8 Ultimate 4dr,0,0,0,0,0,0,1,86990,79738,3.9,8,209,27,38,1709,292,493,185
Lincoln Town Car Signature 4dr,0,0,0,0,0,0,1,83630,76836,4.6,8,178,27,40,1982,300,546,198
Lincoln Town Car Ultimate 4dr,0,0,0,0,0,0,1,89850,82434,4.6,8,178,27,40,1982,300,546,198
Lincoln Town Car Ultimate L 4dr,0,0,0,0,0,0,1,100940,92416,4.6,8,178,27,40,2029,315,561,198
Mercedes-Benz C32 AMG 4dr,0,0,0,0,0,0,1,104240,97044,3.2,6,260,26,34,1606,272,452,173
Mercedes-Benz CL500 2dr,0,0,0,0,0,0,1,189640,176648,5,8,225,26,38,1853,290,498,185
Mercedes-Benz CL600 2dr,0,0,0,0,0,0,1,256840,239200,5.5,12,368,21,30,2029,290,498,185
Mercedes-Benz CLK320 coupe 2dr (convertible),0,0,0,0,0,0,1,91414,83932,3.2,6,160,32,42,1710,272,465,175
Mercedes-Benz CLK500 coupe 2dr (convertible),0,0,0,0,0,0,1,105600,98208,5,8,225,27,35,1626,272,465,175
Mercedes-Benz E320 4dr,0,0,0,0,0,0,1,96340,89698,3.2,6,165,31,43,1649,284,483,180
Mercedes-Benz E500 4dr,0,0,0,0,0,0,1,114540,106764,5,8,225,26,32,1730,284,483,180
Mercedes-Benz S430 4dr,0,0,0,0,0,0,1,148640,138336,4.3,8,205,29,42,1887,310,516,185
Mercedes-Benz S500 4dr,0,0,0,0,0,1,0,173940,161878,5,8,225,26,38,1991,310,516,185
Saab 9-3 Arc convertible 2dr,0,0,0,0,0,0,0,81340,77040,2,4,157,34,47,1579,267,462,175
Saab 9-3 Aero convertible 2dr,0,0,0,0,0,0,0,86350,81766,2,4,157,34,48,1678,267,462,175
Volkswagen Phaeton 4dr,0,0,0,0,0,0,0,130000,119824,4.2,8,250,,,2356,300,518,191
Volkswagen Phaeton W12 4dr,0,0,0,0,0,0,0,150000,138260,6,12,313,,,2449,300,518,191
Volvo C70 LPT convertible 2dr,0,0,0,0,0,0,0,81130,76406,2.4,5,147,34,45,1565,267,472,183
Volvo C70 HPT convertible 2dr,0,0,0,0,0,0,0,85130,80166,2.3,5,180,32,42,1565,267,472,183
Volvo S80 T6 4dr,0,0,0,0,0,0,0,90420,85146,2.9,6,200,31,42,1657,279,483,183
Acura NSX coupe 2dr manual S,1,0,0,0,0,0,1,179530,159956,3.2,6,216,27,38,1430,254,442,180
Audi RS 6 4dr,1,0,0,0,0,0,0,169200,152834,4.2,8,336,24,35,1825,277,485,198
Audi TT 1.8 convertible 2dr (coupe),1,0,0,0,0,0,0,71880,65024,1.8,4,134,32,45,1420,241,404,185
Audi TT 1.8 Quattro 2dr (convertible),1,0,0,0,0,1,0,74780,67782,1.8,4,168,32,45,1325,244,404,185
Audi TT 3.2 coupe 2dr (convertible),1,0,0,0,0,1,0,81180,73478,3.2,6,186,34,47,1520,244,404,185
BMW M3 coupe 2dr,1,0,0,0,0,0,1,96390,88340,3.2,6,248,26,38,1549,274,450,178
BMW M3 convertible 2dr,1,0,0,0,0,0,1,113190,103630,3.2,6,248,26,37,1715,274,450,178
BMW Z4 convertible 2.5i 2dr,1,0,0,0,0,0,1,67790,62130,2.5,6,137,32,45,1330,249,409,178
BMW Z4 convertible 3.0i 2dr,1,0,0,0,0,0,1,82090,75150,3,6,168,34,47,1360,249,409,178
Cadillac XLR convertible 2dr,1,0,0,0,0,0,1,152400,141092,4.6,8,239,27,40,1654,269,452,183
Chevrolet Corvette 2dr,1,0,0,0,0,0,1,89070,78136,5.7,8,261,29,40,1472,267,457,188
Chevrolet Corvette convertible 2dr,1,0,0,0,0,0,1,103070,90386,5.7,8,261,29,40,1473,267,457,188
Chrysler Crossfire 2dr,1,0,0,0,0,0,1,68990,64066,3.2,6,160,27,40,1388,241,406,178
Dodge Viper SRT-10 convertible 2dr,1,0,0,0,0,0,1,163590,148902,8.3,10,373,,,1547,251,447,191
Ford Mustang 2dr (convertible),1,0,0,0,0,0,1,36690,33886,3.8,6,144,32,47,1492,257,465,185
Ford Mustang GT Premium convertible 2dr,1,0,0,0,0,0,1,58760,53750,4.6,8,194,27,40,1518,257,465,185
Ford Thunderbird Deluxe convert w/hardtop 2dr,1,0,0,0,0,0,0,75060,68966,3.9,8,209,27,38,1715,272,472,183
Honda S2000 convertible 2dr,1,0,0,0,0,0,1,66520,59930,2.2,4,179,32,40,1286,241,411,175
Hyundai Tiburon GT V6 2dr,1,0,0,0,0,0,0,37478,34202,2.7,6,128,31,42,1371,254,439,175
Jaguar XK8 coupe 2dr,1,0,0,0,0,0,1,139990,127512,4.2,8,219,29,42,1714,259,475,180
Jaguar XK8 convertible 2dr,1,0,0,0,0,0,1,149990,136612,4.2,8,219,29,42,1805,259,475,180
Jaguar XKR coupe 2dr,1,0,0,0,0,0,1,163990,149352,4.2,8,291,26,37,1753,259,475,180
Jaguar XKR convertible 2dr,1,0,0,0,0,0,1,173990,158452,4.2,8,291,26,37,1833,259,475,180
Lexus SC 430 convertible 2dr,1,0,0,0,0,0,1,126400,110126,4.3,8,224,29,37,1742,262,452,183
Mazda MX-5 Miata convertible 2dr,1,0,0,0,0,0,1,44776,41402,1.8,4,106,37,45,1083,226,396,168
Mazda MX-5 Miata LS convertible 2dr,1,0,0,0,0,0,1,50386,46570,1.8,4,106,37,45,1083,226,396,168
Mazda RX-8 4dr automatic,1,0,0,0,0,0,1,51400,47588,1.3,-1,147,29,40,1385,269,442,
Mazda RX-8 4dr manual,1,0,0,0,0,0,1,54400,50358,1.3,-1,177,29,38,1374,269,442,
Mercedes-Benz SL500 convertible 2dr,1,0,0,0,0,0,1,181040,168650,5,8,225,26,37,1844,257,455,183
Mercedes-Benz SL55 AMG 2dr,1,0,0,0,0,0,1,243540,226776,5.5,8,368,23,34,1921,257,455,183
Mercedes-Benz SL600 convertible 2dr,1,0,0,0,0,0,1,253340,235708,5.5,12,368,21,30,2009,257,455,183
Mercedes-Benz SLK230 convertible 2dr,1,0,0,0,0,0,1,80640,75096,2.3,4,143,34,47,1386,241,401,173
Mercedes-Benz SLK32 AMG 2dr,1,0,0,0,0,0,1,112340,104578,3.2,6,260,27,35,1461,241,401,173
Mitsubishi Eclipse GTS 2dr,1,0,0,0,0,0,0,50184,46912,3,6,157,34,45,1470,257,450,175
Mitsubishi Eclipse Spyder GT convertible 2dr,1,0,0,0,0,0,0,53984,50436,3,6,157,34,45,1495,257,450,175
Mitsubishi Lancer Evolution 4dr,1,0,0,0,0,0,0,59124,54932,2,4,202,29,42,1480,262,455,178
Nissan 350Z coupe 2dr,1,0,0,0,0,0,1,53820,50406,3.5,6,214,32,42,1446,264,429,183
Nissan 350Z Enthusiast convertible 2dr,1,0,0,0,0,0,1,68780,63690,3.5,6,214,32,42,1555,264,429,183
Pontiac GTO 2dr,1,0,0,0,0,0,1,67000,61420,5.7,8,254,,,1690,279,483,185
Porsche 911 Carrera convertible 2dr (coupe),1,0,0,0,0,0,1,158330,138458,3.6,6,235,29,42,1422,236,445,178
Porsche 911 Carrera 4S coupe 2dr (convert),1,0,0,0,0,1,0,168330,144412,3.6,6,235,27,38,1470,236,445,183
Porsche 911 Targa coupe 2dr,1,0,0,0,0,0,1,153530,134256,3.6,6,235,29,42,1415,236,445,178
Porsche 911 GT2 2dr,1,0,0,0,0,0,1,384930,347120,3.6,6,356,27,38,1420,236,445,183
Porsche Boxster convertible 2dr,1,0,0,0,0,0,1,86730,75772,2.7,6,170,32,47,1275,241,432,178
Porsche Boxster S convertible 2dr,1,0,0,0,0,0,1,104730,91532,3.2,6,192,29,42,1320,241,432,178
Subaru Impreza WRX 4dr,1,0,0,0,0,1,0,50090,46044,2,4,169,32,43,1399,251,442,175
Subaru Impreza WRX STi 4dr,1,0,0,0,0,1,0,63090,58260,2.5,4,224,29,38,1480,254,442,175
Toyota Celica GT-S 2dr,1,0,0,0,0,0,0,45140,40726,1.8,4,134,39,53,1134,259,434,173
Toyota MR2 Spyder convertible 2dr,1,0,0,0,0,0,1,50260,45574,1.8,4,103,42,52,996,246,389,170
Cadillac Escaladet,0,1,0,0,0,0,0,105590,96754,5.3,8,220,23,29,2434,295,505,201
Cadillac SRX V8,0,1,0,0,0,0,0,93990,87046,4.6,8,239,26,34,1951,295,495,185
Chevrolet Suburban 1500 LT,0,1,0,0,0,0,0,85470,74844,5.3,8,220,23,29,2244,330,556,201
Chevrolet Tahoe LT,0,1,0,0,0,1,0,82930,72574,5.3,8,220,23,29,2291,295,500,201
Dodge Durango SLT,0,1,0,0,0,1,0,64470,58944,4.7,8,172,24,34,2262,302,511,193
Ford Excursion 6.8 XLT,0,1,0,0,0,1,0,82950,72988,6.8,10,231,,,3261,348,577,203
Ford Expedition 4.6 XLT,0,1,0,0,0,0,0,69120,60936,4.6,8,173,24,30,2268,302,523,201
GMC Envoy XUV SLE,0,1,0,0,0,0,0,63780,57844,4.2,6,205,24,30,2243,328,528,191
CMC Yukon 1500 SLE,0,1,0,0,0,0,0,71450,62722,4.8,8,213,26,30,2287,295,505,201
GMC Yukon XL 2500 SLT,0,1,0,0,0,1,0,92530,81068,6,8,242,21,27,2782,330,556,201
Hummer H2,0,1,0,0,0,1,0,99990,91630,6,8,236,16,19,2903,312,483,206
Isuzu Ascender S,0,1,0,0,0,1,0,63698,59954,4.2,6,205,24,32,2253,328,528,193
Lincoln Navigator Luxury,0,1,0,0,0,1,0,105550,92720,5.4,8,224,21,29,2707,302,523,203
Nissan Pathfinder Armada SE,0,1,0,0,0,0,0,67680,61630,5.6,8,227,21,30,2274,312,526,201
Toyota Sequoia SR5,0,1,0,0,0,1,0,71390,63654,4.7,8,179,23,27,2390,300,518,198
Acura MDX,0,1,0,0,0,1,0,73890,66674,3.5,6,198,27,37,2019,269,480,196
BMW X3 3.0i,0,1,0,0,0,1,0,74000,67746,3,6,168,26,37,1825,279,457,185
BMW X5 4.4i,0,1,0,0,0,1,0,104390,95440,4.4,8,242,26,35,2188,282,467,188
Buick Rainier,0,1,0,0,0,1,0,75790,68714,4.2,6,205,24,34,2087,287,490,191
Buick Rendezvous CX,0,1,0,0,0,0,0,53090,48170,3.4,6,138,31,42,1825,284,475,188
Chevrolet TrailBlazer LT,0,1,0,0,0,0,0,60590,54958,4.2,6,205,26,34,2007,287,488,191
Ford Explorer XLT V6,0,1,0,0,0,1,0,59340,53966,4,6,157,24,32,2024,290,483,183
Honda Pilot LX,0,1,0,0,0,1,0,55120,49686,3.5,6,179,27,35,1990,269,478,196
Isuzu Rodeo S,0,1,0,0,0,0,0,40898,38522,3.2,6,144,27,34,1740,269,452,178
Jeep Grand Cherokee Laredo,0,1,0,0,0,0,0,55810,51372,4,6,145,26,34,1719,269,460,183
Kia Sorento LX,0,1,0,0,0,0,0,39270,37260,3.5,6,143,26,30,1865,272,457,185
Land Rover Range Rover HSE,0,1,0,0,0,1,0,144500,131614,4.4,8,210,19,26,2440,287,495,193
Lexus GX 470,0,1,0,0,0,1,0,91400,79676,4.7,8,175,24,30,2150,279,478,188
Lexus LX 470,0,1,0,0,0,1,0,129600,112910,4.7,8,175,21,27,2536,284,490,193
Lexus RX 330,0,1,0,0,0,1,0,78390,69152,3.3,6,172,29,38,1844,272,472,185
Lincoln Aviator Ultimate,0,1,0,0,0,0,0,85830,78886,4.6,8,225,21,29,2193,290,490,193
Mercedes-Benz G500,0,1,0,0,0,1,0,153740,143080,5,8,218,21,23,2460,284,472,180
Mercedes-Benz ML500,0,1,0,0,0,1,0,92940,86536,5,8,215,23,27,2211,282,465,183
Mercury Mountaineer,0,1,0,0,0,0,0,59990,54634,4,6,157,26,34,1984,290,483,183
Mitsubishi Endeavor XLS,0,1,0,0,0,1,0,60984,56660,3.8,6,160,27,34,1875,277,483,188
Mitsubishi Montero XLS,0,1,0,0,0,1,0,66224,61526,3.8,6,160,24,30,2140,279,483,191
Nissan Pathfinder SE,0,1,0,0,0,0,0,54678,51944,3.5,6,179,26,34,1756,269,465,183
Pontiac Aztekt,0,1,0,0,0,0,0,43190,39620,3.4,6,138,31,42,1714,274,462,188
Porsche Cayenne S,0,1,0,0,0,1,0,113330,99730,4.5,8,254,23,29,2245,284,478,193
Saturn VUE,0,1,0,0,0,1,0,41170,38476,2.2,4,107,34,42,1534,272,460,183
Suzuki XL-7 EX,0,1,0,0,0,0,0,47398,44614,2.7,6,138,29,35,1670,279,475,178
Toyota 4Runner SR5 V6,0,1,0,0,0,0,0,55420,49602,4,6,183,29,34,1830,279,480,188
Toyota Highlander V6,0,1,0,0,0,1,0,55860,49830,3.3,6,172,29,38,1785,272,470,183
Toyota Land Cruiser,0,1,0,0,0,1,0,109530,95972,4.7,8,242,21,27,2445,284,490,193
Volkswagen Touareg V6,0,1,0,0,0,1,0,71030,64486,3.2,6,164,24,32,2307,284,475,193
Volvo XC90 T6,0,1,0,0,0,1,0,82500,77702,2.9,6,200,24,32,2104,287,480,191
Chevrolet Tracker,0,1,0,0,0,0,0,40510,38216,2.5,6,123,31,35,1300,249,414,170
Ford Escape XLS,0,1,0,0,0,1,0,45030,41814,3,6,150,29,37,1518,262,439,178
Honda CR-V LX,0,1,0,0,0,1,0,39720,36838,2.4,4,119,34,40,1478,262,455,178
Honda Element LX,0,1,0,0,0,1,0,37380,34668,2.4,4,119,34,38,1573,257,424,183
Hyundai Santa Fe GLS,0,1,0,0,0,0,0,43178,40402,2.7,6,129,32,42,1610,262,450,185
Jeep Liberty Sport,0,1,0,0,0,1,0,40260,37946,2.4,4,112,32,38,1735,264,442,183
Jeep Wrangler Sahara convertible 2dr,0,1,0,0,0,1,0,51040,46550,4,6,142,26,30,1622,236,381,170
Land Rover Discovery SE,0,1,0,0,0,1,0,78500,71554,4.6,8,162,19,26,2076,254,470,188
Land Rover Freelander SE,0,1,0,0,0,1,0,51990,47938,2.5,6,130,29,34,1623,257,445,180
Mazda Tribute DX 2.0,0,1,0,0,0,1,0,42174,39484,2,4,97,35,40,1402,262,439,183
Mitsubishi Outlander LS,0,1,0,0,0,0,0,37784,35138,2.4,4,119,34,43,1470,262,455,175
Nissan Xterra XE V6,0,1,0,0,0,0,0,41878,39024,3.3,6,134,27,32,1706,264,452,178
Suzuki Vitara LX,0,1,0,0,0,1,0,34326,33898,2.5,6,123,31,35,1370,249,414,170
Toyota RAV4,0,1,0,0,0,1,0,40580,37106,2.4,4,120,35,43,1415,249,424,173
Audi A6 3.0 Avant Quattro,0,0,1,0,0,1,0,81680,74120,3,6,164,29,40,1830,277,488,180
Audi S4 Avant Quattro,0,0,1,0,0,1,0,98180,88892,4.2,8,254,24,34,1785,264,455,178
BMW 325xi Sport,0,0,1,0,0,1,0,65690,60220,2.5,6,137,31,42,1630,272,447,175
Chevrolet Malibu Maxx LS,0,0,1,0,0,0,0,44450,40788,3.5,6,149,35,48,1569,284,478,178
Chrysler Pacifica,0,0,1,0,0,0,1,62460,57450,3.5,6,186,27,37,2121,295,505,201
Ford Focus ZTW,0,0,1,0,0,0,0,34950,32750,2,4,97,42,53,1226,262,452,170
Ford Taurus SE,0,0,1,0,0,0,0,44580,40914,3,6,116,31,42,1586,277,503,185
Infiniti FX35,0,0,1,0,0,0,1,69790,63512,3.5,6,209,26,35,1840,284,480,193
Infiniti FX45,0,0,1,0,0,1,0,72790,66242,4.5,8,235,24,30,1955,284,480,193
Kia Rio Cinco,0,0,1,0,0,0,0,23810,22820,1.6,4,78,42,53,1110,241,424,168
Lexus IS 300 SportCross,0,0,1,0,0,0,1,64910,57294,3,6,160,29,38,1547,267,450,173
Mercedes-Benz C240,0,0,1,0,0,0,1,67560,62932,2.6,6,125,31,40,1574,272,455,173
Mercedes-Benz E320,0,0,1,0,0,0,1,101340,94348,3.2,6,165,31,43,1799,284,483,180
Mercedes-Benz E500,0,0,1,0,0,1,0,121340,112948,5,8,225,26,38,1919,284,483,180
Mercury Sable GS,0,0,1,0,0,0,0,45190,41496,3,6,116,31,42,1582,277,503,185
Mitsubishi Lancer Sportback LS,0,0,1,0,0,0,0,34990,32590,2.4,4,119,,,1370,259,460,170
Nissan Murano SL,0,0,1,0,0,0,1,57478,54600,3.5,6,183,32,40,1724,282,478,188
Pontiac Vibe,0,0,1,0,0,0,1,34090,31946,1.8,4,97,47,58,1225,259,437,178
Saab 9-5 Aero,0,0,1,0,0,0,0,81690,76752,2.3,4,186,31,47,1642,269,483,180
Saturn L300 2,0,0,1,0,0,0,0,47120,43558,2.2,4,104,39,55,1410,272,483,175
Scion xB,0,0,1,0,0,0,0,28330,26960,1.5,4,81,50,56,1100,249,394,170
Subaru Forester X,0,0,1,0,0,1,0,42890,39292,2.5,4,123,34,45,1402,251,445,173
Subaru Outback,0,0,1,0,0,1,0,47790,43546,2.5,4,123,34,45,1556,264,475,175
Suzuki Aerio SX,0,0,1,0,0,1,0,32994,32582,2.3,4,116,39,47,1330,249,424,173
Toyota Matrix XR,0,0,1,0,0,0,0,33390,30312,1.8,4,97,47,58,1215,259,434,178
Volkswagen Jetta GL,0,0,1,0,0,0,0,38010,34854,2,4,86,39,48,1376,251,442,173
Volkswagen Passat GLS 1.8T,0,0,1,0,0,0,0,49910,45602,1.8,4,127,35,50,1514,269,467,175
Volkswagen Passat W8,0,0,1,0,0,0,0,80470,73912,4,8,201,29,40,1845,269,467,175
Volvo V40,0,0,1,0,0,0,0,52270,49282,1.9,4,127,35,47,1280,257,457,173
Volvo XC70,0,0,1,0,0,1,0,70290,66224,2.5,5,155,32,43,1734,277,472,185
Chevrolet Astro,0,0,0,1,0,1,0,52790,47908,4.3,6,142,23,27,2089,282,483,198
Chevrolet Venture LS,0,0,0,1,0,0,0,54040,49036,3.4,6,138,31,42,1678,284,475,183
Chrysler Town and Country LX,0,0,0,1,0,0,0,54980,50742,3.3,6,134,31,42,1845,302,511,201
Chrysler Town and Country Limited,0,0,0,1,0,0,0,76760,70126,3.8,6,160,29,40,1965,302,511,201
Dodge Caravan SE,0,0,0,1,0,0,0,43590,41016,2.4,4,112,32,42,1752,287,480,201
Dodge Grand Caravan SXT,0,0,0,1,0,1,0,65320,59624,3.8,6,160,29,40,2014,302,511,201
Ford Freestar SE,0,0,0,1,0,0,0,53860,48996,3.9,6,144,27,37,1939,307,511,196
GMC Safari SLE,0,0,0,1,0,0,1,51280,46430,4.3,6,142,26,32,1955,282,483,198
Honda Odyssey LX,0,0,0,1,0,0,0,49900,44996,3.5,6,179,29,40,1955,300,511,193
Honda Odyssey EX,0,0,0,1,0,0,0,54900,49488,3.5,6,179,29,40,1980,300,511,193
Kia Sedona LX,0,0,0,1,0,0,0,41230,38800,3.5,6,145,26,35,2178,292,493,191
Mazda MPV ES,0,0,0,1,0,0,0,57500,53200,3,6,149,29,40,1729,284,478,183
Mercury Monterey Luxury,0,0,0,1,0,0,0,67990,61692,4.2,6,150,26,37,1969,307,513,196
Nissan Quest S,0,0,0,1,0,0,0,49560,45916,3.5,6,179,31,42,1820,315,518,198
Nissan Quest SE,0,0,0,1,0,0,0,65560,60038,3.5,6,179,29,40,1894,315,518,198
Oldsmobile Silhouette GL,0,0,0,1,0,0,0,57580,52240,3.4,6,138,31,42,1791,305,511,183
Pontiac Montana,0,0,0,1,0,0,0,47690,43288,3.4,6,138,31,42,1725,284,475,183
Pontiac Montana EWB,0,0,0,1,0,1,0,62740,56908,3.4,6,138,29,38,2010,307,511,183
Toyota Sienna CE,0,0,0,1,0,0,0,46990,42396,3.3,6,172,31,43,1869,302,508,196
Toyota Sienna XLE Limited,0,0,0,1,0,0,0,57600,51380,3.3,6,172,31,43,1889,302,508,196
Cadillac Escalade EXT,0,0,0,0,1,1,0,105950,97082,6,8,257,21,27,2667,330,,
Chevrolet Avalanche 1500,0,0,0,0,1,1,0,72200,63378,5.3,8,220,23,29,2576,330,,
Chevrolet Colorado Z85,0,0,0,0,1,1,0,37520,34140,2.8,4,130,29,37,1643,282,,
Chevrolet Silverado 1500 Regular Cab,0,0,0,0,1,0,1,40620,36960,4.3,6,149,24,34,1879,302,,
Chevrolet Silverado SS,0,0,0,0,1,1,0,80680,70798,6,8,224,21,27,2179,366,,
Chevrolet SSR,0,0,0,0,1,0,1,83990,78612,5.3,8,224,26,30,2159,295,,
Dodge Dakota Regular Cab,0,0,0,0,1,0,1,35260,32528,3.7,6,157,26,35,1685,284,,
Dodge Dakota Club Cab,0,0,0,0,1,0,1,40600,37340,3.7,6,157,26,35,1737,333,,
Dodge Ram 1500 Regular Cab ST,0,0,0,0,1,0,1,40430,36152,3.7,6,160,26,34,2060,307,,
Ford F-150 Regular Cab XL,0,0,0,0,1,0,1,44020,38980,4.6,8,172,24,30,2172,320,,
Ford F-150 Supercab Lariat,0,0,0,0,1,1,0,67080,58810,5.4,8,224,23,29,2478,338,,
Ford Ranger 2.3 XL Regular Cab,0,0,0,0,1,0,1,28770,27434,2.3,4,107,39,47,1373,282,,
GMC Canyon Z85 SL Regular Cab,0,0,0,0,1,0,1,33060,29754,2.8,4,130,31,38,1520,282,,
GMC Sierra Extended Cab 1500,0,0,0,0,1,0,1,51434,45208,4.8,8,213,27,32,2063,366,,
GMC Sierra HD 2500,0,0,0,0,1,1,0,58644,51518,6,8,224,,,2468,338,,
GMC Sonoma Crew Cab,0,0,0,0,1,1,0,50790,46086,4.3,6,142,24,30,1852,312,,
Mazda B2300 SX Regular Cab,0,0,0,0,1,0,1,29680,28140,2.3,4,107,39,47,1343,284,,
Mazda B4000 SE Cab Plus,0,0,0,0,1,1,0,44700,40964,4,6,154,24,30,1620,320,,
Nissan Frontier King Cab XE V6,0,0,0,0,1,1,0,38958,36506,3.3,6,134,27,32,1784,295,,
Nissan Titan King Cab XE,0,0,0,0,1,1,0,53300,49852,5.6,8,227,23,29,2398,356,,
Subaru Baja,0,0,0,0,1,1,0,49040,44608,2.5,4,123,34,45,1581,264,,
Toyota Tacoma,0,0,0,0,1,0,1,25600,23758,2.4,4,106,35,43,1247,262,,
Toyota Tundra Regular Cab V6,0,0,0,0,1,0,1,32990,29956,3.4,6,142,26,32,1780,325,,
Toyota Tundra Access Cab V6 SR5,0,0,0,0,1,1,0,51870,47040,3.4,6,142,23,27,2012,325,,
